aaberg;1
aadland;1
aasen;1
abankwah;1
abay;1
abbay;1
abbey;1
abbot;1
abbott;3
abel;1
abene;1
abernathy;1
abineri;1
ablett;1
abraham;2
abse;1
absolon;1
abu;1
acheamphong;1
ackland;2
ackroyd;2
acquah;1
adams;10
adamson;1
adcock;3
adda;1
addenbrooke;1
addie;1
addison;2
addo;1
adjetey;1
adkins;1
adleman;1
adrian;2
adu;1
afful;1
afzaal;1
agase;1
agbemabiese;1
agyeman;1
agyemang;2
aherne;1
ahwoi;1
aickman;1
aiello;1
aiken;1
aikens;1
ainley;1
ainscow;1
ainsworth;1
aird;1
airth;1
airy;1
aitken;2
aizlewood;1
ajram;1
akkari;1
akomfrah;1
akuffo;1
akufo;1
alba;1
alberti;1
alberts;1
albright;1
alcasid;1
alcorn;1
alden;1
alderton;1
aldred;1
aldrin;1
alexander;3
alfonso;1
alfred;1
alger;1
ali;1
alison;1
allan;1
allen;12
allingham;1
allister;1
allyson;1
alva;1
ames;1
amherst;1
amis;2
amoateng;1
amos;1
amu;1
andersen;1
anderson;5
andreasen;1
andrew;2
angelina;1
angelou;1
ankrum;1
annan;1
anoai;1
anstey;2
anthony;1
aoki;1
appleton;1
applewhite;1
apted;1
arber;1
archard;1
archer;2
arden;1
ardley;1
aris;1
arkell;1
arkin;1
arliss;1
armfield;1
armitage;1
armstrong;4
arnison;1
arnold;5
arquette;1
arroyo;1
asamoah;1
asbury;1
ashbee;1
ashby;1
ashcroft;1
ashdown;1
asher;1
ashmore;1
ashton;1
ashworth;1
askew;1
askey;1
aspdin;1
aspinall;1
astin;1
astor;1
atherton;1
athey;1
atkinson;2
atta;1
attwell;1
atwater;1
aubrey;1
auchterlonie;1
auden;1
augustyn;1
auster;1
austin;1
avis;1
awdry;1
aylett;1
aylmer;1
ayrton;1
azaria;1
babbit;1
babla;1
bach;1
backus;1
bacon;1
baddeley;2
bader;1
badland;1
bagdadi;1
bailey;7
baines;1
baker;4
balcon;1
bald;2
baldwin;3
bale;2
ball;2
baller;1
balls;1
bambaataa;1
bampton;1
bancroft;1
banks;4
bannerman;1
bannister;2
bansah;1
bara;1
barakat;1
barbauld;1
barbe;1
barclay;1
barett;1
baring;1
barinholtz;1
barker;2
barkla;1
barnacle;1
barnard;1
barnes;4
barnett;3
barnham;1
baron;1
barr;1
barres;1
barrett;2
barron;1
barrow;2
barry;1
bart;1
bartholomew;1
bartlett;1
barton;1
bartow;1
barât;1
basch;1
bashir;1
bass;1
bassett;1
bassey;1
bate;1
bates;2
battenberg;1
batty;1
baugh;1
baxter;1
bayle;1
beach;1
beadle;1
beale;1
bean;2
beardsley;1
beauchamp;1
beaumont;1
beavan;1
beavers;1
bechdel;1
beckett;1
beckinsale;1
behar;1
behn;2
behr;1
beirne;1
belford;1
bell;4
bellamy;1
belleci;1
bellingham;1
bendix;1
benn;2
bennet;1
bennett;5
benoit;1
benson;2
benstock;1
bentley;2
berenson;1
beresford;1
bergen;1
bergman;1
berkoff;1
berkowitz;1
berlin;1
berryman;1
berti;1
bessemer;1
bethune;1
bettis;1
bevan;1
bevin;1
bhutto;1
bibi;1
biddle;1
biel;1
bikey;1
billany;1
billong;1
billy;1
bindon;1
birchall;1
bird;1
bishop;1
blaché;1
black;4
blackett;1
blackman;2
blackwell;2
blair;3
blake;4
blandford;1
blatchley;1
blatt;1
bleakley;1
blears;1
bledel;1
blessed;1
bleu;1
blood;1
bloom;1
blore;1
blow;1
blue;1
blunkett;1
blunt;3
boadi;1
boateng;1
bobis;1
bodman;1
boertien;1
boetticher;1
boey;1
boissière;1
bok;1
bolan;1
bolden;1
bolger;1
bond;2
bonds;1
bonet;1
bonner;1
bonwick;1
boorman;1
booth;3
borcherds;1
borie;1
borland;1
borlaug;1
borrell;1
bosley;1
bostick;1
botha;1
bottrill;1
bowell;1
bowen;1
bowie;1
bowness;1
box;2
boxhall;1
boyarin;1
boyd;1
boyden;1
boylan;1
boyle;1
boynton;1
bracco;1
bradby;1
bradford;1
bradley;2
bragg;2
brayson;1
brearley;1
breckenridge;1
bredell;1
brenchley;1
brendel;1
brennan;1
brenner;1
brent;1
brewerton;1
bridge;1
bridges;1
brightwell;1
brinkley;1
brinton;1
brissette;1
britten;1
broadfoot;1
broadrick;1
brock;1
brokaw;1
bromby;1
brome;1
brooks;2
broomhall;2
brown;7
browne;1
browning;1
bruce;3
bruckner;1
brunner;1
brunt;1
bryan;3
bryant;1
buchanan;2
buck;1
buckalew;1
buckland;1
bucquet;1
buenaventura;1
buerk;1
buffett;1
buller;1
bundy;1
bunim;1
burbank;2
burbidge;1
bure;1
burgess;1
burgoyne;1
burke;5
burley;1
burnell;2
burriss;1
burrows;1
burton;4
busey;1
bush;2
bushell;1
bushman;1
buswell;1
butcher;1
butler;1
buzacott;1
buzzi;1
byfuglien;1
byles;1
byrne;2
byron;1
bywater;1
cadbury;1
cage;1
cain;1
caine;2
cairns;1
calder;1
calhoun;1
calix;1
calvert;1
calvin;1
cambridge;1
cameron;2
caminer;1
campbell;6
cann;1
cannon;1
cant;1
canutt;1
capewell;1
cardiff;1
cardle;1
carell;1
carey;2
carlton;1
carmen;1
carmichael;1
carnegie;1
carney;1
carothers;1
carpenter;3
carr;1
carradine;1
carragher;1
carroll;2
carson;1
carter;4
cartwright;1
carvey;1
casely;1
casey;1
casolaro;1
cassidy;1
castellaneta;1
cates;1
cathcart;1
catona;1
cattrall;1
cavaiani;1
cbe;1
cech;1
cecil;1
chadbourn;1
chalmers;1
chambas;1
chamberlain;1
chamberlin;1
chambers;4
champion;1
chancellor;1
chandler;1
chandrasekhar;1
chaplin;1
chaplow;1
chapman;1
chappell;1
chappelle;1
charles;2
chase;1
chastain;1
chavasse;1
cheadle;1
cheek;1
cheetham;1
chevalley;1
chick;1
child;1
chiles;1
chimes;1
chippendale;1
chittell;1
chopin;1
christine;1
chávez;1
cioni;1
clair;1
clancy;1
clapham;1
clapp;1
clare;2
clark;6
clarke;5
clay;1
cleef;1
cleeve;1
clemence;1
clement;1
cleveland;1
cleverdon;1
clewes;1
clooney;2
coan;1
cockayne;1
cockerell;1
codd;1
coe;1
coetzee;2
coffey;1
coffin;1
coggins;1
cohen;3
coke;2
colby;1
cole;3
coleman;3
colley;1
collier;1
collinet;1
collins;6
colman;1
comer;1
compton;1
comyn;1
condell;1
condon;1
conklin;1
conn;1
connolly;2
conrad;1
conried;1
conroy;1
conteh;1
conway;1
coogan;1
cook;5
cooke;3
coombs;1
coon;1
cooper;8
coram;1
corbett;1
corbin;1
cordingly;1
corgan;1
cornelius;1
cornwall;1
corrales;2
cort;1
cossar;1
cossart;1
costas;1
costner;1
cotsworth;1
coughlin;1
court;1
cowan;1
coward;1
cowper;2
cox;2
coxen;1
coyne;1
cracknell;1
craddock;2
craig;1
craige;1
craigie;1
crawford;2
craze;1
crean;1
cribbins;1
crichton;1
crisp;2
croft;2
croggon;1
cromwell;1
cronin;1
cronje;1
cross;1
crothers;1
crowe;1
cruz;1
cullen;1
culver;1
cumberbatch;1
cummings;4
cureton;1
curling;1
curry;3
curtis;1
cutler;1
cutts;1
dacres;1
dagnall;1
dahl;1
dallaglio;1
dalton;1
daly;1
dando;2
daniels;2
dannatt;1
danns;1
dano;1
darko;2
darling;1
darren;1
darro;1
darrow;1
dassin;1
davenport;3
davey;2
david;2
davidson;1
davies;9
davis;15
davison;1
dawber;1
dawes;1
dawkins;1
dawson;1
day;3
dean;1
dearden;1
decesare;1
decoteau;1
dee;1
deeney;1
deerlin;1
degeneres;1
delaney;1
delgado;1
delp;1
demarest;1
demille;1
dempsey;1
dench;1
denning;1
denver;1
des;1
descher;1
devane;1
devine;1
dewolf;1
dharker;1
diamond;1
dibble;1
dibdin;1
dichio;1
dick;2
dickens;1
dickerson;1
dickey;2
dickinson;2
dickson;2
diesel;1
dillard;1
dilley;1
dillinger;1
dillon;1
dirac;1
dix;1
dixon;2
djanogly;1
dobie;1
dodd;1
doisy;1
dolby;1
dollimore;1
donald;2
donaldson;2
donnell;1
dooley;1
doolittle;1
dotrice;2
douglas;2
dowling;1
downes;1
doyle;1
drescher;1
dreyfus;1
driscoll;1
driver;2
drummond;1
dryburgh;1
dudley;1
duffy;1
duggan;1
dulles;1
dunbar;1
duncan;1
dunham;1
dunne;1
dupont;1
duprez;1
durkin;1
duryea;1
duvall;1
dworkin;1
dwyer;1
dyer;1
eagles;1
eardley;1
earles;1
earlywine;1
eastwood;1
eaton;1
ebanks;2
eccleston;1
eddy;1
eden;1
edge;1
edgerton;2
editing;1
edmond;1
edmonds;1
edwards;2
edworthy;1
eggar;1
ehiogu;1
eiden;1
elbert;1
elfman;1
elgar;1
elias;1
eliot;1
elizabeth;1
ellington;1
elliot;1
elliott;1
ellis;8
elphick;1
else;1
elwes;1
emberg;1
emma;1
emms;1
ennis;1
eno;1
eri;1
esmond;1
essien;1
estrada;1
estridge;1
evans;13
everett;1
facey;1
facunla;1
fairbrother;1
faison;1
falco;1
falk;1
fallon;1
fanning;1
faraday;1
farr;2
farrar;1
farrell;2
farrington;1
farwell;1
fatu;1
faulding;1
faulkner;1
fawkes;1
faye;1
fearon;1
fegan;1
feingold;1
feldman;2
fenton;2
fenty;1
ferber;1
ferdinand;2
ferguson;1
fernandez;1
ferrer;1
ferris;1
ferry;1
field;1
fields;2
figiel;1
fils;1
finch;1
fine;1
finney;1
fischer;1
fisher;5
fitzhugh;1
fitzroy;1
fleet;1
fleming;1
fletcher;3
flewitt;1
flint;1
flood;1
flores;1
flowers;2
floyd;1
foley;1
follet;1
fonda;1
fonteyn;1
ford;3
forde;1
foreman;1
forlani;1
formby;1
forrestal;1
forster;2
forsyth;2
fortune;3
foster;7
fotso;1
foulkes;1
fowlds;1
fowler;1
fox;5
frakes;1
francis;4
francisco;1
frankland;1
fraser;4
freedman;1
freeman;2
fremont;1
french;1
fresco;1
fresh;1
friel;1
frindall;1
frith;1
froboess;1
froome;1
frost;2
fry;2
fugard;1
furse;1
fuss;1
gabbidon;1
gabriel;1
gaddis;1
gaiman;1
gajdusek;1
gale;1
galifianakis;1
gallagher;1
galliano;1
gallinagh;1
galton;1
garcia;1
garda;1
gardiner;2
gardner;2
garfield;1
garland;1
garner;2
garofalo;1
garrison;1
garwood;1
gascoigne;2
gascoine;1
gaskell;2
gatiss;1
gayford;1
geeson;1
geffen;1
gemayel;1
genn;1
george;1
geppi;1
gerrard;1
gervais;1
getty;2
ghoussoub;1
gibson;1
gifford;1
gilbert;1
gill;1
gillespie;1
gilmour;1
gilruth;1
gittens;1
gittis;1
gladwell;1
glashow;1
glass;1
glau;1
glauber;1
glidden;1
glitter;1
gloucester;1
glover;3
glynne;1
goddard;1
goethals;1
gogosha;1
gold;1
golding;1
goldman;1
goldwater;1
gomez;1
gooch;1
good;1
goodall;1
gooding;1
goodman;1
goodwill;1
goodwins;2
gordimer;1
gordon;4
goring;1
gorringe;1
gorton;1
gottfried;1
gottschalk;1
gould;1
goulding;1
gowers;1
graft;1
graham;5
grahame;1
gramm;1
grand;1
granger;2
grant;5
gray;7
grayson;1
grdina;1
greeff;1
green;5
greenall;1
greene;1
greengrass;1
greening;1
greenwood;2
gregan;1
gregory;1
greig;1
grenfell;1
grenville;1
gresham;1
grieveson;1
griffies;1
griffin;2
griffith;3
griffiths;4
grint;1
grippando;1
gross;1
grote;1
grunberg;1
grylls;1
guillory;1
guinness;2
gulliver;1
gurney;1
guru;1
guthrie;2
gwala;1
gwenn;1
gwillim;1
gwilt;1
gygax;1
gyseghem;1
géraigiry;1
hackett;1
hackney;1
hagan;2
hague;1
hahnemann;1
halberstam;1
haldane;1
hale;4
halford;1
hall;6
hallock;1
halsall;1
hamer;1
hamersley;1
hamilton;4
hammer;1
hammett;1
hammial;1
hammond;2
hampshire;1
hampton;1
hancock;1
hand;1
hanger;1
hanks;1
hannaford;1
hannah;1
hanson;1
harbinson;1
hardin;1
harding;3
hardwicke;2
hardy;3
harewood;1
harline;1
harman;1
harper;2
harriot;1
harris;4
harrison;4
hart;4
hartnell;1
hartson;1
harvey;4
harwell;1
hassall;2
hatcher;1
hatfield;1
hathaway;3
hauser;1
havilland;2
hawes;1
hawker;1
hawkins;1
hawthorn;1
hawthorne;1
hayday;1
hayden;1
haydn;1
hayford;1
hayman;1
hayne;1
haywood;1
hazlehurst;2
hazlewood;1
headey;1
headly;1
heaney;1
heaton;1
hedaya;1
hedberg;1
heiney;1
hemmings;1
henderson;2
hendon;1
hendrix;1
henry;2
henshaw;1
herbert;2
herrera;1
herrick;1
herring;1
herriot;1
hewer;1
hewlett;1
hibbert;1
hick;1
hicks;2
higginbotham;1
higham;2
hignell;1
hill;6
hiller;1
hillier;1
hilton;2
hiltz;1
hincapie;1
hinchcliffe;1
hinchliffe;1
hindle;1
hirsch;1
hirsh;1
hislop;1
hitchens;2
hite;1
hoaward;1
hobart;1
hobbs;1
hobhouse;1
hodge;1
hodges;1
hodgkinson;1
hoffman;3
hoffmann;1
hofmeyr;1
hogan;1
hogarth;1
hogg;1
hogwood;1
holden;1
holder;1
hole;1
holland;5
hollingdale;1
hollins;1
holloway;1
holm;1
holman;1
holmes;1
holyfield;1
homme;1
honeyborne;1
honeywell;1
honoré;1
hoo;1
hood;1
hooke;1
hooley;1
hoon;1
hooton;1
hopkins;1
hopper;1
hornberger;1
horowitz;1
horse;1
hoskins;1
hoste;1
hoult;1
houston;1
houten;1
howard;7
howarth;2
howerd;1
howes;1
howland;1
hoyte;1
hudis;1
hudson;2
hughes;5
hughston;1
hulbert;1
hulse;1
hume;1
humpherson;1
humphrey;1
humphrys;1
hunnicutt;1
hunniford;1
hunt;2
hunter;4
huntington;1
huntley;1
hurley;1
hurt;1
hussain;1
huston;1
hustvedt;1
hutchins;1
hutchinson;1
hutt;1
hutton;2
hyde;1
hyson;1
ibrahim;1
idle;1
idlet;1
ifill;1
iii;2
ikeme;1
ikram;1
imam;1
inch;1
ingalls;4
ingram;1
insull;1
ireland;1
irving;1
ittner;1
iverson;1
ivins;1
jackson;6
jacobs;1
jagger;2
james;8
jameson;2
janeway;1
jardin;1
jaro;1
jarrah;1
jarvis;1
jean;1
jefferies;1
jefferson;1
jeffreys;1
jeni;1
jenks;1
jennings;2
jeremy;1
jobs;1
johanns;1
john;2
johns;1
johnson;8
joli;1
jolley;1
jones;25
jonson;1
joo;1
jordan;1
jose;1
joseph;1
jossa;1
jowett;1
judd;2
jump;1
jun;1
junkin;1
kabou;1
kaiser;1
kaling;1
kalsu;1
kane;1
kanin;1
kantrowitz;1
kappes;1
kardashian;1
karras;1
kassir;1
katz;1
kavner;1
kay;3
kaye;1
kazim;1
kearney;1
keates;1
keats;1
keel;1
keep;1
keith;2
kellerman;1
kelly;8
kemble;1
kempson;1
kendall;3
kendrew;1
kennedy;3
kenner;1
kenny;3
kent;8
keown;1
kershaw;1
kerwin;1
kesner;1
kevorkian;1
keys;1
khan;2
khoury;1
kibbee;1
kibrick;1
kidd;2
kiel;1
kightly;1
kilgallon;1
killigrew;1
kilpatrick;1
kincaid;1
king;4
kingsley;1
kingston;1
kinnear;1
kirkland;1
kirkup;1
kneale;1
knight;4
knightley;1
knobel;1
knotts;1
knox;1
koelsch;1
kony;1
kopechne;1
kornberg;1
kornman;1
koumas;1
kovalic;1
kovic;1
kraft;1
kramer;2
krause;1
krentz;1
krycia;1
kulik;1
kureishi;1
kurzweil;1
kutcher;1
lacey;1
lacheur;1
ladd;1
lafontaine;1
laine;1
lait;1
lake;1
lamb;2
lambert;1
lamburn;1
lampard;1
lampert;1
lancashire;1
lance;1
landers;1
landis;2
langenkamp;1
langmead;1
langton;1
lansbury;1
lapper;1
lappé;1
largen;1
larkin;1
laughton;1
laurance;1
lauren;1
lauterpacht;1
law;3
lawless;1
lawrence;3
laye;1
leacock;2
leahy;1
leakey;1
leasor;1
leavitt;1
lee;8
leeson;1
leeuwen;1
legaspi;1
legge;1
leggett;1
leibovitz;1
leick;1
leigh;2
leighton;1
lennard;1
lennon;1
leonard;2
leonski;1
leroy;1
leskanich;1
lessig;1
letterman;1
levene;1
levine;1
levy;1
lewis;5
ley;2
lightfoot;1
lincoln;2
lindfield;1
lindsay;1
lindsey;1
linley;1
litchfield;1
litel;1
little;2
littlewood;2
livesey;1
livingstone;1
llewellyn;1
lloyd;6
loeb;1
lofting;1
logan;1
london;1
long;2
longstaff;1
lonsdale;1
lord;1
lords;1
lorraine;1
louis;2
lovering;1
lovett;1
lowry;1
lualdi;1
lucas;2
lucketti;1
lumley;1
lumsdon;1
luttrell;1
lyman;1
lynden;1
lynex;1
lynn;1
lyon;1
lyttelton;1
maathai;1
maccarinelli;1
macdonald;2
mace;1
macero;1
macfarlane;1
macgillivray;1
machen;1
machon;1
mack;1
mackie;1
mackley;1
maclaine;1
macleod;1
macquarrie;1
maddox;1
madejski;1
mader;1
madine;1
madison;1
madjo;1
madoc;1
magalona;1
magee;1
mahama;1
mahoney;1
major;1
malkovich;1
maloney;1
malyon;1
mandela;1
mandelson;1
mandler;1
mandy;1
manga;1
manheim;1
manigault;1
manley;1
mann;2
manningham;1
mannix;1
mansfield;1
mara;1
marber;1
march;1
marcos;1
mariano;1
marie;1
mariye;1
marlowe;1
marr;1
marriott;1
marsh;1
marshal;1
marshall;3
marter;1
martin;8
martineau;1
martinez;3
marx;1
masih;1
mason;3
massey;1
masters;2
matchett;1
mateer;1
matenopoulos;1
mathabane;1
matharu;1
mather;1
matthau;1
matthews;1
mauldin;1
max;1
maxsted;1
maxwell;1
may;4
maynard;1
mays;1
maytag;1
mbe;1
mbeki;1
mcanespie;1
mcateer;1
mcavoy;1
mccann;1
mccarthy;1
mccartney;5
mcclarnon;1
mcclen;1
mccomas;1
mcconnell;1
mccoy;1
mccrae;1
mccrary;1
mcculloch;1
mcdormand;1
mcdowall;1
mcewan;2
mcfadden;1
mcfarland;1
mcgoohan;2
mcgrail;1
mcgraw;2
mcguire;1
mckean;1
mckee;1
mckenna;1
mckenzie;3
mclagan;1
mcleod;1
mcloughlin;1
mcmanners;1
mcmillan;1
mcnally;1
mcneal;1
mcqueen;1
mcrae;1
mcshane;1
mcteer;1
meacher;1
meadows;1
mech;1
medley;1
megson;1
meldrum;1
mellon;1
melly;1
mendenhall;1
mendoza;1
menuhin;1
menzies;1
merchant;1
meredith;2
merkel;1
merrick;1
merton;2
meyer;2
michael;1
michaels;1
michele;1
middleton;1
migiro;1
mildren;1
miles;1
milland;1
millar;1
millard;1
milledge;1
miller;8
millikan;1
millington;1
mills;2
milne;1
milner;1
minto;1
mirren;1
misa;1
missé;2
mitchell;5
mitra;1
mizell;2
miéville;1
mla;1
mlambo;1
mockridge;1
modjeska;1
moghabghab;1
mohamed;1
moisant;1
molloy;1
monkam;1
monkhouse;1
montemayor;1
montgomery;2
moorcroft;1
moore;5
moorehead;1
moorer;1
morgan;5
morgans;1
moriarty;1
morita;1
morris;4
morrison;4
morrow;1
morse;1
morshower;1
mortensen;1
mortimer;2
morton;2
moscone;1
mosel;1
mosley;2
moss;2
motlanthe;1
mourant;1
mowbray;1
mudd;1
mulhern;1
mullen;1
muni;1
munro;1
munroe;1
murdock;1
murphy;3
murray;6
murrow;1
murthy;1
musso;1
mutran;1
myers;1
myerscough;1
myles;1
nahan;1
naish;1
naldi;1
nalzaro;1
nance;1
napolitano;1
naqiyy;1
nash;1
nasrallah;1
natachee;1
natwick;1
neagle;1
neal;1
nebenzal;1
neeson;1
neilan;1
neill;1
neilson;1
nelson;3
nesbit;1
nesbitt;1
newberry;1
newcomb;1
newhart;1
newman;1
newsham;1
newton;2
niblo;1
nicholls;2
nichols;1
nicholson;2
nicol;1
nicols;1
nicolson;2
nikoi;1
nilsen;1
nimmo;1
nisperos;1
niven;1
nixon;2
niyonshuti;1
noakes;1
noble;1
nogan;1
nolan;3
norfolk;1
north;3
northup;1
norton;3
nossiter;1
novello;1
noyes;1
nsengiyumva;1
nugent;1
nyatanga;1
oakes;2
oatley;1
oatway;1
obote;1
obrian;1
odametey;1
oddie;1
odesnik;1
oehlkers;1
ofori;1
oliver;1
olivier;1
onassis;1
onion;1
orange;1
orchard;1
orlandi;1
ormond;1
osano;1
osborne;2
osmeña;1
otis;1
otto;1
oury;1
overall;1
owen;5
owusu;1
oxendine;1
oxenham;2
pace;1
paddick;1
page;2
pailor;1
paisley;2
palin;1
pallette;1
pallister;1
palmer;3
paltrow;1
panettiere;1
pankhurst;1
pardue;1
parer;1
parker;5
parks;2
parkurst;1
parlen;1
parr;2
parris;1
parslow;1
parsons;1
pasquale;1
pasta;1
patel;2
patten;1
patton;1
paul;2
paulson;1
payne;1
peace;2
pearce;1
pearl;1
pearson;3
pease;1
peck;1
peckinpah;1
pees;1
pehlivanian;1
pelham;1
pelikan;1
pendergrass;1
pennant;1
peoples;1
perceval;1
perelman;1
periolat;1
perkins;1
perpetuini;1
perrin;1
perry;1
pertwee;1
peters;2
petitclerc;1
pettifer;1
pettyfer;1
phelps;2
philbin;2
phillips;3
philo;1
phoenix;1
pickering;1
pienaar;1
pierce;1
pierrepont;1
pierson;1
pile;1
pilgrim;1
pilkey;1
pintado;1
pitman;1
pitt;1
plant;1
plantagenet;1
platt;1
plimpton;1
plowright;1
plunkett;1
pokela;1
politzer;1
polk;1
pollan;1
pollard;1
pollock;2
pont;1
pooley;1
porteous;1
porter;2
portman;1
poston;1
potter;2
potts;3
powell;4
power;1
powers;2
poynting;1
pratchett;1
pratt;2
pratten;1
preez;1
preisser;1
prendergast;1
prentiss;1
prescott;1
presley;1
pressly;1
preston;1
price;4
primrose;1
prine;1
prinsloo;1
prinze;1
prior;1
proctor;2
pryor;1
pullman;2
purdom;1
purnell;1
purves;2
putnam;1
pyke;1
pynchon;1
péricard;1
qattan;1
quackenbush;1
quaife;1
quashie;1
quay;1
quayle;1
querrey;1
quillan;1
quinn;1
raadt;1
race;1
radcliffe;2
rae;1
raine;1
raisin;1
ralph;1
ralston;1
ramone;1
ramos;1
rampa;1
ramsay;1
ramírez;1
rand;1
randall;2
randell;1
randolph;1
randt;1
rantzen;1
rason;1
ratcliff;1
rattle;1
rauch;1
raven;2
rawling;1
rawlings;1
ray;1
raza;1
read;1
reader;1
reavill;1
redford;1
redgrave;2
redman;1
redmile;1
reeman;1
rees;2
reeser;1
reeves;2
regan;2
regardie;1
reid;4
reilly;1
remar;1
remond;1
rennie;1
rettig;1
rhodes;3
rice;2
rich;1
richards;6
richardson;5
rickards;1
rickman;1
rigby;1
riley;1
rix;2
robbins;2
roberts;4
robertson;3
robins;1
robinson;6
robson;2
rocco;1
roderick;1
rodgers;1
rodwell;1
roe;1
roeder;2
rogers;1
rohde;1
rondthaler;1
rooney;1
root;1
rosal;1
rose;1
rosenfeld;1
rosenior;1
ross;1
rossomando;1
rost;1
roth;1
rothery;1
roy;2
royal;1
rubell;1
ruby;1
rucyahana;1
ruick;1
rushton;1
russell;3
russert;1
russo;2
rutherford;1
rutter;1
saadeh;1
sadler;1
safra;1
sagild;1
saint;1
sais;1
sakhia;1
salia;1
salk;1
salmon;1
salvadori;1
sampson;1
sand;1
sander;1
sandler;1
sandover;1
sanford;1
sanger;1
sant;1
santiago;1
sarandon;1
saunders;1
sautoy;1
saville;1
savre;1
sayers;1
scala;1
scarborough;1
schaeffer;1
schafer;1
schmitz;1
schofield;1
schram;1
schroder;1
schulberg;1
schulz;1
schwinger;1
scofield;1
scotland;2
scott;7
seaton;1
seddon;1
see;1
seger;1
seigenthaler;1
sekyi;1
sellecca;1
selleck;1
sellers;1
selzer;1
semon;1
sepamla;1
seraphin;1
serrell;1
sesay;1
severn;1
seymour;2
seyrig;1
shane;1
shanks;1
sharp;2
sharpe;1
shaw;4
shawn;1
sheherd;1
shekoni;1
shell;1
shelley;2
shelton;1
shepard;1
sheppard;2
sheridan;1
sherry;1
sherwood;1
shilton;1
shimerman;1
shipman;1
shockley;1
shor;1
shorey;1
short;2
showalter;1
sibley;1
siddons;2
sidwell;1
siegel;2
silliman;1
silto;1
simm;1
simmons;1
simon;2
simpson;3
sin;1
sinclair;1
singer;2
sink;1
sintim;1
sirico;1
sirleaf;1
sison;1
sissons;1
size;1
skelton;1
skinner;1
skuse;1
sladen;1
slate;1
slater;1
slayton;1
sleeper;1
slim;1
slocombe;1
smeaton;1
smith;19
smithies;1
snodgress;1
snow;2
snowdon;1
soares;1
sommer;1
somper;1
sorkin;1
spall;1
spear;1
spearritt;1
spears;1
speck;1
spence;1
speziale;1
spielberg;1
spock;1
spurgeon;1
spurlock;1
squier;1
stack;1
staff;1
stainforth;1
stallone;1
standing;1
stang;2
stanley;2
stannard;1
star;1
stark;1
starkey;2
starr;1
statter;1
staub;1
stead;1
stearman;1
steed;1
steel;1
steen;1
steere;1
steger;1
stephenson;2
stern;1
sternbach;1
stevens;3
stevenson;1
stewart;5
stiller;1
stoddert;1
stokes;1
stokoe;1
stole;1
stoll;1
stone;7
stoner;1
stott;1
stout;1
stow;1
street;1
stringer;1
strode;1
strong;1
stroud;1
strutt;1
stuart;2
sturridge;1
sturtevant;1
suchet;2
suffield;1
suffo;1
sugden;1
suleiman;1
sulley;1
sullivan;3
summerbee;1
summers;1
sundin;1
sundlun;1
supiran;1
surman;1
susteren;1
sutherland;1
suttie;1
sutton;1
swadesh;1
swailes;1
swain;1
swank;1
swann;1
swash;1
sweeney;1
sweet;1
swift;1
swinton;1
sykes;1
szohr;1
tabora;1
taft;1
taguba;1
talbot;1
taleb;1
tallon;1
tamblyn;1
tambo;1
tapping;1
tarantino;1
tarn;1
tate;1
tatum;1
tavares;1
taylor;9
tchami;1
tedeschi;1
tedford;1
telek;1
telford;1
tequila;1
terkel;1
terrell;1
thaw;1
theiler;1
theobald;1
theron;1
thesiger;1
thomas;7
thomason;1
thompson;4
thomson;2
threlfall;1
thurman;1
tiedeman;1
tierney;1
till;3
tilleman;1
tillman;1
tilt;1
ting;1
tirmezi;1
tobriner;1
todd;4
tolentino;1
tolliver;1
tomkinson;1
tonge;1
torres;2
toulmin;1
touretzky;1
towb;1
towler;1
townsend;1
toy;1
toynbee;1
trace;1
travers;1
travolta;1
treacy;1
treffry;1
tremayne;1
trenholm;1
trevithick;1
trewavas;1
trice;1
trimble;2
trimmer;1
trinidad;1
trodden;1
trotman;1
troughton;1
tuck;1
tucker;2
tudyk;1
tully;1
turner;6
tushingham;1
tutu;1
tyson;1
underwood;2
unsworth;1
upshur;1
upson;1
vaccarino;1
valenti;1
valletta;1
van;4
vander;1
vanderbilt;1
vargas;1
varma;1
varney;1
vaughan;1
vechten;1
vegas;1
venter;1
verkaik;1
vicious;1
vickers;1
victor;1
vidor;1
vigoda;1
vincent;4
vine;1
vinge;1
vipond;1
voce;1
voight;1
vokes;1
vonnegut;1
vorster;1
waddell;1
waddle;1
wade;2
wadsworth;1
wald;1
walden;1
waldron;1
wales;2
walker;6
wallace;1
walliams;1
walpole;1
walsh;2
walters;2
wanamaker;1
wand;1
warburg;1
warburton;1
ward;4
warden;1
wardhaugh;1
warmington;1
warner;3
warnock;2
warren;2
waterhouse;1
waterman;1
waters;2
watkins;1
watson;2
watt;1
watts;2
wavell;1
weathers;1
weaver;1
webb;1
webber;1
webster;1
weeks;2
weinberger;1
weiss;1
weisz;1
welbeck;1
welch;2
weller;1
welles;1
welling;1
wells;3
welsh;1
wendover;1
weng;1
wepner;1
wersching;1
wessex;2
west;3
westley;1
weston;1
westwood;1
wexler;1
whale;1
whaley;1
wharton;1
wheaton;1
wheeler;1
whitbread;1
white;4
whitehead;1
whitehouse;2
whitfield;1
whittle;1
widdecombe;1
wigley;1
wilberforce;1
wilcoxon;1
wilczek;1
wild;1
wilde;2
wildman;1
wilfred;1
wilkes;2
wilkinson;6
wilkof;1
willats;1
williams;9
williamson;1
willis;1
willoughby;1
wilmer;1
wilmot;1
wilson;8
wilton;1
winchester;1
windeyer;2
windsor;2
winer;1
wines;1
winfield;1
wing;1
wingfield;1
winkler;1
winona;1
winterton;1
winton;1
wintour;1
winwood;1
wisdom;1
wisener;1
withers;2
wolfram;1
wong;1
wood;1
woodbridge;1
woodley;1
woodruff;1
woods;1
wooldridge;1
woolf;1
woolger;1
woozley;1
wray;1
wright;8
wuest;1
wycherly;1
wyeth;1
wyk;1
wylie;1
wymark;1
wynyard;1
yahweh;1
yamagata;1
yankey;1
york;3
you;1
young;7
zadora;1
zahra;1
zaim;1
zanuck;1
zapata;1
zappa;1
zardari;1
zash;1
zeta;1
zille;1
zilzer;1
zimmer;1
zinn;1
zuma;1
